{
    "total_runtime": 1885.307800769806,
    "num_documents": 1,
    "update_documents": 0,
    "input_load_time": 0,
    "workflows": {
        "load_input_documents": {
            "overall": 0.17552971839904785
        },
        "create_base_text_units": {
            "overall": 0.1165623664855957
        },
        "create_final_documents": {
            "overall": 0.030918359756469727
        },
        "extract_graph": {
            "overall": 1458.9640798568726
        },
        "finalize_graph": {
            "overall": 0.10859179496765137
        },
        "extract_covariates": {
            "overall": 0.0
        },
        "create_communities": {
            "overall": 0.05395197868347168
        },
        "create_final_text_units": {
            "overall": 0.0374758243560791
        },
        "create_community_reports": {
            "overall": 420.85470747947693
        },
        "generate_text_embeddings": {
            "overall": 4.960996389389038
        }
    }
}